id,firstname,lastname,email,profession,age,secret_code
100,Veda,Prouty,Veda.Prouty@example.com,worker,90,81.74
101,Jessamyn,Silvan,Jessamyn.Silvan@example.com,doctor,61,64.36
102,Tracey,Karna,Tracey.Karna@example.com,police officer,55,661.12
103,Lorenza,Fiann,Lorenza.Fiann@example.com,developer,14,141.41
104,Rani,Brackely,Rani.Brackely@example.com,police officer,37,996.74
105,Feliza,Sherrie,Feliza.Sherrie@example.com,developer,62,768.07
106,Grier,Read,Grier.Read@example.com,developer,26,714.54
107,Caritta,Vorster,Caritta.Vorster@example.com,police officer,44,245.42
108,Anthia,Zuzana,Anthia.Zuzana@example.com,worker,60,965.55
109,Mariele,Orpah,Mariele.Orpah@example.com,developer,13,347.57
110,Romona,Ezar,Romona.Ezar@example.com,police officer,67,797.94